<Ui>
	<Script file="Ace3\LibStub\LibStub.lua"/>
	<Include file="Ace3\CallbackHandler-1.0\CallbackHandler-1.0.xml"/>
	<Include file="Ace3\AceAddon-3.0\AceAddon-3.0.xml"/>
	<Include file="Ace3\AceEvent-3.0\AceEvent-3.0.xml"/>
	<Include file="Ace3\AceTimer-3.0\AceTimer-3.0.xml"/>
	<Include file="Ace3\AceHook-3.0\AceHook-3.0.xml"/>
	<Include file="Ace3\AceDB-3.0\AceDB-3.0.xml"/>
	<Include file="Ace3\AceDBOptions-3.0\AceDBOptions-3.0.xml"/>
	<Include file="Ace3\AceLocale-3.0\AceLocale-3.0.xml"/>
	<Include file="Ace3\AceConsole-3.0\AceConsole-3.0.xml"/>
	<Include file="Ace3\AceGUI-3.0\AceGUI-3.0.xml"/>
	<Include file="Ace3\AceConfig-3.0\AceConfig-3.0.xml"/>
	<Script file="LibSharedMedia-3.0\LibSharedMedia-3.0.lua"/>
	<Script file="LibButtonGlow-1.0\LibButtonGlow-1.0.lua"/>
	<Script file="LibDataBroker-1.1\LibDataBroker-1.1.lua"/>
	<Script file="LibActionButton-1.0\LibActionButton-1.0.lua"/>
	<Include file="AceGUI-3.0-SharedMediaWidgets\widget.xml"/>
</Ui>
