<Ui>
	<Script file="BigButtons.lua"/>
	<Script file="BrokerLDB.lua"/>
	<Script file="DragonOverlay.lua"/>
	<Script file="EnhancedFriendsList.lua"/>
	<Script file="EnhancedShadows.lua"/>
	<Script file="FasterLoot.lua"/>
	<Script file="LootConfirm.lua"/>
	<Script file="MovableFrames.lua"/>
	<Script file="SquareMinimapButtons.lua"/>
	<Script file="stAddonManager.lua"/>
	<Script file="QuestSounds.lua"/>
	<Script file="ReputationReward.lua"/>

	<Script file="Config\Tukui.lua"/>
</Ui>
